Company Name,Address
Woodlawn Funeral Home & Cemetery,"1101 Antoine Dr., Houston, TX 77055"
Hale's Half Acre Pet Cemetery,"11614 Dumas St, Houston, TX 77034"
Eternal Rest Funeral Home,"4610 S Wayside Dr, Houston, TX 77087"
Troy B Smith Professional Services,"9013 Scott St, Houston, TX 77051"
Felix H Morales Funeral Home,"2901 Canal St, Houston, TX 77003"
Dettling Funeral Home,"14094 Memorial Dr, Houston, TX 77079"
San Jacinto Memorial Funeral Home and Cemeter,"14659 Market Street Rd, Houston, TX 77015"
Santana Funeral Directors,"401 Ssgt Macario Garcia Dr, Houston, TX 77011"
Memorial Oaks Funeral Home,"13001 Katy Fwy, Houston, TX 77079"
Compean Funeral Home,"2102 Broadway St, Houston, TX 77012"
Unity Funeral Home,"7730 Boone Rd, Houston, TX 77072"
Claire Brothers Funeral Home,"7901 Hillcroft St, Houston, TX 77081"
Rodney F Byrd Funeral Directors,"2517 Wheeler St, Houston, TX 77004"
Billclair Mortuary,"2603 Southmore Blvd, Houston, TX 77004"
Richardson Mortuary,"3201 Brookfield Dr, Houston, TX 77045"
Allen Mortuary,"2003 Kelley St, Houston, TX 77026"
Frazier Mitchell Funeral Services,"5002 Hershe St, Houston, TX 77020"
Ruffin Funeral Home,"6911 Winton St, Houston, TX 77021"
Integrity Funeral Care,"3915 Dacoma St Ste E, Houston, TX 77092"
Houston Funeral Home,"8522 Airline Dr, Houston, TX 77037"
Sunset Funeral Home,"4337 Liberty Rd, Houston, TX 77026"
Bradshaw-Carter Memorial & Funeral Services,"1734 W Alabama St, Houston, TX 77098"
Joseph J Earthman Generations Memorial Funeral & Cremation Services,"234 Westcott St, Houston, TX 77007"
Paradise Cemetery North,"10401 W Montgomery Rd, Houston, TX 77088"
Isgh Funeral Home,"11923 Adel Rd, Houston, TX 77067"
Forest Lawn Funeral Home,"8706 Almeda Genoa Rd, Houston, TX 77075"
Pruitt's in the Heights,"7518 N Main St, Houston, TX 77022"
Forest Park Westheimer Funeral Home,"12800 Westheimer Rd, Houston, TX 77077"
Beresford Funeral Service,"13501 Alief Clodine Rd, Houston, TX 77082"
Niday Funeral Home,"12440 Beamer Rd, Houston, TX 77089"
Winford Inc,"8514 Tybor Dr, Houston, TX 77074"
Allen Dave Funeral Directors,"2103 Cypress Landing Dr, Houston, TX 77090"
Carter Funeral Home,"13701 Corpus Christi St, Houston, TX 77015"
Boyd Funeral Home,"7411 Wheatley St, Houston, TX 77088"
Willie Waddell's Riverside Funeral Directors,"6938 Westover St, Houston, TX 77087"
Barkley Memorial Funeral Home,"4422 Balkin St, Houston, TX 77021"
Dynasty Memorial Mortuary,"2850 Fellows Rd, Houston, TX 77047"
Touch of Royalty Mortuary,"13314 Almeda Rd, Houston, TX 77045"
Pryority Funeral Experience,"12025 Bammel North Houston Rd, Houston, TX 77066"
Forest Park Lawndale Funeral Home,"6900 Lawndale St, Houston, TX 77023"
Garden Oaks Crematory,"13430 Bellaire Blvd, Houston, TX 77083"
Brookside Funeral Home,"13747 Eastex Fwy, Houston, TX 77039"
Pruitt & Pruitt Mortuary,"4337 Liberty Rd, Houston, TX 77026"
Crespo Funeral Home,"2516 Navigation Blvd, Houston, TX 77003"
Heights Funeral Home,"1317 Heights Blvd, Houston, TX 77008"
Crespo Funeral Home,"4136 Broadway St, Houston, TX 77087"
American Heritage Funeral Home,"10710 Veterans Memorial Dr, Houston, TX 77038"
Earthman Resthaven Funeral Home,"13102 North Fwy, Houston, TX 77060"
Brookside Funeral Home-Cypress Creek,"9149 Highway 6 N, Houston, TX 77095"
Earthman Funeral Directors,"8303 Katy Fwy, Houston, TX 77024"
Waltrip Funeral Directors,"1415 Campbell Rd, Houston, TX 77055"
Chapel Of Eternal Peace At Forest Park Crematory,"2454 S Dairy Ashford Rd, Houston, TX 77077"
Glenwood Cemetery,"2525 Washington Ave, Houston, TX 77007"
Paradise Funeral Home,"10401 W Montgomery Rd, Houston, TX 77088"
Leal Funeral Home,"1813 Holland St, Houston, TX 77029"
Vazquez Funeral Home,"1805 Huge Oaks St, Houston, TX 77055"
Golden Gate Cemetery,"8400 Hirsch Rd, Houston, TX 77016"
Funeraria Del Angel Crespo,"4136 Broadway St, Houston, TX 77087"
Cemetery Beautiful,"8401 Wheatley St, Houston, TX 77088"
Paradise Cemetery South,"16001 Cullen Blvd, Houston, TX 77047"
Earthman Resthaven Cemetery,"13102 North Fwy, Houston, TX 77060"
Memorial Oaks Cemetery,"13001 Katy Fwy, Houston, TX 77079"
Crespo FH - Navigation,"2516 Navigation Blvd, Houston, TX 77003"
Paradise Cemetery South,"16001 W Cullen St, Houston, TX 77030"
McCoy & Harrison Funeral Home,"4918 Martin Luther King Blvd, Houston, TX 77021"
Vazquez Funeral Home,"219 E Crosstimbers St, Houston, TX 77022"
Direct Cremation Texas,"4400 Town Plaza Dr, Houston, TX 77045"
Leal Funeral Home,"11123 Katy Fwy, Houston, TX 77079"
Vasquez Funeral Home,"13379 Orleans St, Houston, TX 77015"
Service Corp International,"10710 Veterans Memorial Dr, Houston, TX 77038"
Distinctive Life Cremations & Funerals,"11660 Westheimer Rd Ste 119, Houston, TX 77077"
Hernandez Funeral Home,"1219 Quitman St, Houston, TX 77009"
DUI Quaie Printed Them,"3507 Gillespie St, Houston, TX 77020"
Community Funeral Home,"2517 Wheeler St, Houston, TX 77004"
Pruitt Pruitt J Funeral,"2801 Blodgett St, Houston, TX 77004"
Independent Mortuary Service,"1734 W Alabama St, Houston, TX 77098"
Bill Clair Fairchild Memorial,"2603 Southmore Blvd, Houston, TX 77004"
Dignity Memorial,"1317 Heights Blvd, Houston, TX 77008"
Northstar Memorial Group,"1643 Walton St, Houston, TX 77009"
Pryority Mortuary Service Inc,"2526 Fairbanks St, Houston, TX 77026"
Santana Funeral Directors,"5352 Katy Fwy, Houston, TX 77007"
J Pruitt Funeral Home,"5220 Scott St, Houston, TX 77004"
Celestis,"3701 Kirby Dr, Houston, TX 77098"
Touch of Royalty Mortuary,"6803 Burkett St, Houston, TX 77021"
Boudreaux Family Mortuary,"7603 Helmers St, Houston, TX 77022"
Acfh,"5050 Griggs Rd, Houston, TX 77021"
Celestis Inc,"2536 Amherst St Ste J, Houston, TX 77005"
Vazquez Funeral Home,"219 Crosstimbers St, Houston, TX 77018"
Citizens Turner Funeral Home,"7512 Lockwood Dr, Houston, TX 77016"
Cedeno & Salinas Funeral Home,"7155 Lawndale St, Houston, TX 77023"
"Reyes, Jessica","6130 Ridgemont St, Houston, TX 77087"
Foster Landln Funeral and Cremation Services,"9146 Eastex Fwy, Houston, TX 77093"
Richardson Mortuary,"9146 Eastex Fwy, Houston, TX 77093"
Sacred Hope Funeral Home,"1119 Laurentide St, Houston, TX 77029"
Cremation Services International Inc,"5601 Arlington St, Houston, TX 77076"
Carriage Funeral Holdings Inc,"3040 Post Oak Blvd, Houston, TX 77056"
Don Grantham Funeral Home Inc,"3040 Post Oak Blvd, Houston, TX 77056"
Watercrest Funeral Home,"784 Davidson St, Houston, TX 77091"
C A Dixon III & Sons Funeral,"205 Fidelity St, Houston, TX 77029"
Guardian Angel Funeral Home,"2412 1/2 Little York Rd, Houston, TX 77093"
Alderwoods Group Inc,"8303 Katy Fwy, Houston, TX 77024"
Compean Funeral Home,"514 Wild Wind Ln, Houston, TX 77013"
Loving Memories Mortuary,"8011 W Montgomery Rd, Houston, TX 77088"
Advantage Howard-Glendale CHPL,"7010 Chetwood Dr, Houston, TX 77081"
Sun Soft Technology,"6666 Harwin Dr, Houston, TX 77036"
Texas Funeral Minister,"7520 Hillcroft St, Houston, TX 77081"
Funeral Source,"7901 Hillcroft St, Houston, TX 77081"
Stephens & Flowers Funeral,"11121 S Post Oak Rd, Houston, TX 77035"
Hardin Family Funeral Home,"9034 Long Point Rd, Houston, TX 77055"
Waldman Funeral Care,"9034 Long Point Rd, Houston, TX 77055"
Pre-Arranged Plans Of America,"2202 Mateo Park Dr, Houston, TX 77047"
Sun Soft Technology,"9219 Katy Fwy Ste 145, Houston, TX 77024"
Del Pueblo Funeral Home,"8222 Antoine Dr, Houston, TX 77088"
Wingate Funeral Service Group,"14630 White Heather Dr, Houston, TX 77045"
Brookside Funeral Home,"13747 East Fwy, Houston, TX 77015"
Winford Funerals,"8514 Tybor Dr, Houston, TX 77074"
The Signature Group,"16801 Greenspoint Park Dr, Houston, TX 77060"
Park Lawn Corporation,"16801 Greenspoint Park Dr, Houston, TX 77060"
Funeral Marketing Directors,"10700 Richmond Ave Ste 223, Houston, TX 77042"
South Texas Mortuary Transfer,"16209 Luthe Ln, Houston, TX 77032"
Memorial Advanced Planning,"10603 Bellaire Blvd Ste B106, Houston, TX 77072"
Graceful Memorial Chapel,"3160 Brownie Campbell Rd, Houston, TX 77038"
Earthman Funeral Directors & Cemeteries,"13102 North Fwy, Houston, TX 77060"
Peevey Funeral & Cremation Inc,"12440 Beamer Rd, Houston, TX 77089"
Ishg Funeral Service Inc,"12138 Beechnut St, Houston, TX 77072"
Aldine Funeral Chapel,"221 Airtex Dr, Houston, TX 77090"
Reflection Lake Estates,"13001 Katy Fwy, Houston, TX 77079"
General Funeral Home Supplies,"13940 Bammel North Houston Rd, Houston, TX 77066"
Graceful Memorial Chapel,"14405 Walters Rd, Houston, TX 77014"
Cy Fair Funeral Home,"9926 Jones Rd, Houston, TX 77065"
Death Care Management & Financial Group,"2103 Cypress Landing Dr, Houston, TX 77090"
Isgh SW Funeral Home,"6233 Tres Lagunas Dr, Houston, TX 77083"
Cavazos Funeral Home,"2000 Cypress Landing Dr, Houston, TX 77090"
Funeral Marketing Director,"16151 Cairnway Dr, Houston, TX 77084"
Forest Park Funeral Homes & Cemeteries,"N/A, Houston, TX 77090"
Leal Funeral Home,"2200 Wilcrest Dr, Houston, TX 77042"
Duncan Funeral Home,"5806 N Wayside Dr, Houston, TX 77028"
O W Wiley Mortuary,"1290 Pinemont Dr, Houston, TX 77018"
Guardian Angel Funeral Home,"2412-1/2 Little York Rd, Houston, TX 77093"
Woodforest Funeral Home,"750 Uvalde Rd, Houston, TX 77015"
Bellaire Southwest Funeral HM,"7010 Chetwood Dr, Houston, TX 77081"
Gorden Wade Funeral Home,"1503 Ryon St, Houston, TX 77009"
Everest Funeral Package,"1300 Post Oak Blvd, Houston, TX 77056"
Arlington National Funeral Home,"5601 Arlington St, Houston, TX 77076"
Alfred Funeral Home,"10114 Stella Link Rd, Houston, TX 77025"
Veterans Funeral Service,"10567 Veterans Memorial Dr, Houston, TX 77038"
Pat H. Foley & Company,"1200 W 34th St, Houston, TX 77018"
Oscar Johnson Mortuary,"415 Berry Rd, Houston, TX 77022"
Sci,"8303 Katy Fwy, Houston, TX 77024"
Forest Park Lawandale-Dignity Memorial,"6900 Lawndale St, Houston, TX 77023"
Kashmere Funeral Homes Inc,"5001 Kelley St, Houston, TX 77026"
Veterans Funeral Assistance,"9504 Airline Dr, Houston, TX 77037"
McDuffie's Mortuary Inc,"115 W Hamilton St, Houston, TX 77076"
Legacy Funeral Group,"3334 Richmond Ave Ste 125, Houston, TX 77098"
Sheffield Funeral Director,"6311 W Montgomery Rd, Houston, TX 77091"
Boyd Funeral Directors of Texas,"7411 Wheatley St, Houston, TX 77088"
Melton&Melton Funeral Home,"8011 W Montgomery Rd, Houston, TX 77088"
All Faiths Mortuary,"8520 Sweetwater Ln Ste C21, Houston, TX 77037"
Service Corp International,"7744 Airport Blvd, Houston, TX 77061"
Memorial Crematory and Mortuary Services,"5525 Pine St, Houston, TX 77081"
Serenity Mortuary,"8619 Windswept Ln, Houston, TX 77063"
Carl Barnes Funeral Home,"746 W 22nd St, Houston, TX 77008"
Mabrie Memorial Mortuary,"5000 Almeda Rd, Houston, TX 77004"
Annointed Hands,"4350 Town Plaza Dr, Houston, TX 77045"
Ridgemont Mortuary,"6130 Ridgemont St, Houston, TX 77087"
Ross Mortuary,"3618 Lyons Ave, Houston, TX 77020"
Trevino & Sons Funeral Home,"3911 Fulton St, Houston, TX 77009"
Stripling Funeral Service,"3902 Lockwood Dr, Houston, TX 77026"
Land Of Peace Funeral Chapel,"2457 S Dairy Ashford Rd, Houston, TX 77077"
Clay & Clay Funeral Home,"3101 Lyons Ave, Houston, TX 77020"
Cristo Rey Funeral Home,"235 N Sampson St, Houston, TX 77003"
Lockwood Funeral Home,"9402 Lockwood Dr, Houston, TX 77016"
Lang Funeral Home,"4304 La Branch St, Houston, TX 77004"
Sacred Hope Funeral Home,"1505 Jensen Dr, Houston, TX 77020"
Grimes Funeral Home Inc,"3900 Holmes Rd, Houston, TX 77051"
United Funeral Funding of America,"4207 Reed Rd, Houston, TX 77051"
Brookside Funeral Home,"3410 Cypress Creek Pkwy, Houston, TX 77068"
Aldine Funeral Chapel,"9504 Airline Dr, Houston, TX 77037"
Johnson Funeral Home,"5730 Calhoun Rd, Houston, TX 77021"
Cypress Fairbanks Funeral Home,"9926 Jones Rd, Houston, TX 77065"
